{"xMean":2,"xStd":1.4142135623730951,"yMean":30,"yStd":14.142135623730951,"modelType":"LINEAR_REGRESSION"}