{"xMean":2,"xStd":1.4142135623730951,"yMean":11.6,"yStd":2.1540659228538015,"modelType":"LINEAR_REGRESSION"}